[
    {
        "productId": "1001",
        "productName": "Dove Bathing Bar",
        "productPrice": "56",
        "productDetail": "Moisturizing Beauty Soap"
    },
    {
        "productId": "1002",
        "productName": "Dove Face Wash",
        "productPrice": "152",
        "productDetail": "Moisturizing Face Wash"
    },
    {
        "productId": "1003",
        "productName": "Amul Butter",
        "productPrice": "207",
        "productDetail": "Butter"
    },
    {
        "productId": "1004",
        "productName": "Amul Cheese",
        "productPrice": "300",
        "productDetail": "Cheese"
    },
    {
        "productId": "1005",
        "productName": "Go Cheese",
        "productPrice": "300",
        "productDetail": "Cheese"
    },
    {
        "productId": "1006",
        "productName": "Kissan Ketchup",
        "productPrice": "150",
        "productDetail": "Tomato Ketchup"
    },
    {
        "productId": "1007",
        "productName": "Kissan Jam",
        "productPrice": "15",
        "productDetail": "Mixed Fruit Jam"
    }
]